Intropic_topleft,Intropic_bottomleft,Intropic_topright,Intropic_bottomright,Step1_topleft,Step1_bottomleft,Step1_topright,Step1_bottomright,Step2_topleft,Step2_bottomleft,Step2_topright,Step2_bottomright,Step3_topleft,Step3_bottomleft,Step3_topright,Step3_bottomright,Step4_topleft,Step4_bottomleft,Step4_bottomleft,Step4_bottomright,Step5_topleft,Step5_bottomleft,Step5_topright,Step5_bottomright,Step6_topleft,Step6_bottomleft,Step6_topright,Step6_bottomright,Step1_audio,Step2_audio,Step3_audio,Step4_audio,Step5_audio,Step6_audio,Test_sentence,ItemNumber,Group,Subgroup
Anna.png,Ben.png,Cindy.png,Dave.png,Anna_3cherries.png,Ben_3cherries.png,Cindy.png,Dave.png,Anna_3cherries.png,Ben_3cherries.png,Cindy_3chestnuts.png,Dave_3chestnuts.png,Anna_3cherries.png,Ben.png,Cindy_3chestnuts.png,Dave_3chestnuts.png,Anna_1cherry.png,Ben.png,Cindy_3chestnuts.png,Dave_3chestnuts.png,Anna_1cherry.png,Ben.png,Cindy.png,Dave_3chestnuts.png,Anna_1cherry.png,Ben.png,Cindy.png,Dave_1chestnut.png,A1_S1.mp3,A1_S2.mp3,A1_S3.mp3,A1_S4.mp3,A1_S5.mp3,A1_S6.mp3,some_cherries.mp3,1,A,1
Anna.png,Ben.png,Cindy.png,Dave.png,Anna_3cherries.png,Ben_3cherries.png,Cindy.png,Dave.png,Anna_3cherries.png,Ben_3cherries.png,Cindy_3chestnuts.png,Dave_3chestnuts.png,Anna_3cherries.png,Ben.png,Cindy_3chestnuts.png,Dave_3chestnuts.png,Anna_1cherry.png,Ben.png,Cindy_3chestnuts.png,Dave_3chestnuts.png,Anna_1cherry.png,Ben.png,Cindy.png,Dave_3chestnuts.png,Anna_1cherry.png,Ben.png,Cindy.png,Dave_1chestnut.png,A1_S1.mp3,A1_S2.mp3,A1_S3.mp3,A1_S4.mp3,A1_S5.mp3,A1_S6.mp3,two_cherries.mp3,1,A,2
Anna.png,Ben.png,Cindy.png,Dave.png,Anna_3cherries.png,Ben_3cherries.png,Cindy.png,Dave.png,Anna_3cherries.png,Ben_3cherries.png,Cindy_3chestnuts.png,Dave_3chestnuts.png,Anna.png,Ben_3cherries.png,Cindy_3chestnuts.png,Dave_3chestnuts.png,Anna.png,Ben_1cherry.png,Cindy_3chestnuts.png,Dave_3chestnuts.png,Anna.png,Ben_1cherry.png,Cindy_3chestnuts.png,Dave.png,Anna.png,Ben_1cherry.png,Cindy_1chestnut.png,Dave.png,B1_S1.mp3,B1_S2.mp3,B1_S3.mp3,B1_S4.mp3,B1_S5.mp3,B1_S6.mp3,all_cherries.mp3,1,B,1
Anna.png,Ben.png,Cindy.png,Dave.png,Anna_3cherries.png,Ben_3cherries.png,Cindy.png,Dave.png,Anna_3cherries.png,Ben_3cherries.png,Cindy_3chestnuts.png,Dave_3chestnuts.png,Anna.png,Ben_3cherries.png,Cindy_3chestnuts.png,Dave_3chestnuts.png,Anna.png,Ben_1cherry.png,Cindy_3chestnuts.png,Dave_3chestnuts.png,Anna.png,Ben_1cherry.png,Cindy_3chestnuts.png,Dave.png,Anna.png,Ben_1cherry.png,Cindy_1chestnut.png,Dave.png,B1_S1.mp3,B1_S2.mp3,B1_S3.mp3,B1_S4.mp3,B1_S5.mp3,B1_S6.mp3,three_cherries.mp3,1,B,2
Anna.png,Ben.png,Cindy.png,Dave.png,Anna_3apples.png,Ben_3apples.png,Cindy.png,Dave.png,Anna_3apples.png,Ben_3apples.png,Cindy_3apricots.png,Dave_3apricots.png,Anna.png,Ben_3apples.png,Cindy_3apricots.png,Dave_3apricots.png,Anna.png,Ben_1apple.png,Cindy_3apricots.png,Dave_3apricots.png,Anna.png,Ben_1apple.png,Cindy_3apricots.png,Dave.png,Anna.png,Ben_1apple.png,Cindy_1apricot.png,Dave.png,A2_1.mp3,A2_2.mp3,A2_3.mp3,A2_4.mp3,A2_S5.mp3,A2_S6.mp3,two_apples.mp3,2,A,1
Anna.png,Ben.png,Cindy.png,Dave.png,Anna_3apples.png,Ben_3apples.png,Cindy.png,Dave.png,Anna_3apples.png,Ben_3apples.png,Cindy_3apricots.png,Dave_3apricots.png,Anna.png,Ben_3apples.png,Cindy_3apricots.png,Dave_3apricots.png,Anna.png,Ben_1apple.png,Cindy_3apricots.png,Dave_3apricots.png,Anna.png,Ben_1apple.png,Cindy_3apricots.png,Dave.png,Anna.png,Ben_1apple.png,Cindy_1apricot.png,Dave.png,A2_1.mp3,A2_2.mp3,A2_3.mp3,A2_4.mp3,A2_S5.mp3,A2_S6.mp3,some_apples.mp3,2,A,2
Anna.png,Ben.png,Cindy.png,Dave.png,Anna_3apples.png,Ben_3apples.png,Cindy.png,Dave.png,Anna_3apples.png,Ben_3apples.png,Cindy_3apricots.png,Dave_3apricots.png,Anna_3apples.png,Ben.png,Cindy_3apricots.png,Dave_3apricots.png,Anna_1apple.png,Ben.png,Cindy_3apricots.png,Dave_3apricots.png,Anna_1apple.png,Ben.png,Cindy.png,Dave_3apricots.png,Anna_1apple.png,Ben.png,Cindy.png,Dave_1apricot.png,B2_1.mp3,B2_2.mp3,B2_3.mp3,B2_4.mp3,B2_S5.mp3,B2_S6.mp3,three_apples.mp3,2,B,1
Anna.png,Ben.png,Cindy.png,Dave.png,Anna_3apples.png,Ben_3apples.png,Cindy.png,Dave.png,Anna_3apples.png,Ben_3apples.png,Cindy_3apricots.png,Dave_3apricots.png,Anna_3apples.png,Ben.png,Cindy_3apricots.png,Dave_3apricots.png,Anna_1apple.png,Ben.png,Cindy_3apricots.png,Dave_3apricots.png,Anna_1apple.png,Ben.png,Cindy.png,Dave_3apricots.png,Anna_1apple.png,Ben.png,Cindy.png,Dave_1apricot.png,B2_1.mp3,B2_2.mp3,B2_3.mp3,B2_4.mp3,B2_S5.mp3,B2_S6.mp3,all_apples.mp3,2,B,2
Anna.png,Ben.png,Cindy.png,Dave.png,Anna_3bees.png,Ben_3bees.png,Cindy.png,Dave.png,Anna_3bees.png,Ben_3bees.png,Cindy_3beetles.png,Dave_3beetles.png,Anna.png,Ben_3bees.png,Cindy_3beetles.png,Dave_3beetles.png,Anna.png,Ben_1bee.png,Cindy_3beetles.png,Dave_3beetles.png,Anna.png,Ben_1bee.png,Cindy_3beetles.png,Dave.png,Anna.png,Ben_1bee.png,Cindy_1beetle.png,Dave.png,A3_1.mp3,A3_2.mp3,A3_3.mp3,A3_4.mp3,A3_S5.mp3,A3_S6.mp3,all_beetles.mp3,3,A,1
Anna.png,Ben.png,Cindy.png,Dave.png,Anna_3bees.png,Ben_3bees.png,Cindy.png,Dave.png,Anna_3bees.png,Ben_3bees.png,Cindy_3beetles.png,Dave_3beetles.png,Anna.png,Ben_3bees.png,Cindy_3beetles.png,Dave_3beetles.png,Anna.png,Ben_1bee.png,Cindy_3beetles.png,Dave_3beetles.png,Anna.png,Ben_1bee.png,Cindy_3beetles.png,Dave.png,Anna.png,Ben_1bee.png,Cindy_1beetle.png,Dave.png,A3_1.mp3,A3_2.mp3,A3_3.mp3,A3_4.mp3,A3_S5.mp3,A3_S6.mp3,three_beetles.mp3,3,A,2
Anna.png,Ben.png,Cindy.png,Dave.png,Anna_3bees.png,Ben_3bees.png,Cindy.png,Dave.png,Anna_3bees.png,Ben_3bees.png,Cindy_3beetles.png,Dave_3beetles.png,Anna_3bees.png,Ben.png,Cindy_3beetles.png,Dave_3beetles.png,Anna_1beetle.png,Ben.png,Cindy_3beetles.png,Dave_3beetles.png,Anna_1beetle.png,Ben.png,Cindy.png,Dave_3beetles.png,Anna_1beetle.png,Ben.png,Cindy.png,Dave_1beetle.png,B3_1.mp3,B3_2.mp3,B3_3.mp3,B3_4.mp3,B3_S5.mp3,B3_S6.mp3,some_beetles.mp3,3,B,1
Anna.png,Ben.png,Cindy.png,Dave.png,Anna_3bees.png,Ben_3bees.png,Cindy.png,Dave.png,Anna_3bees.png,Ben_3bees.png,Cindy_3beetles.png,Dave_3beetles.png,Anna_3bees.png,Ben.png,Cindy_3beetles.png,Dave_3beetles.png,Anna_1beetle.png,Ben.png,Cindy_3beetles.png,Dave_3beetles.png,Anna_1beetle.png,Ben.png,Cindy.png,Dave_3beetles.png,Anna_1beetle.png,Ben.png,Cindy.png,Dave_1beetle.png,B3_1.mp3,B3_2.mp3,B3_3.mp3,B3_4.mp3,B3_S5.mp3,B3_S6.mp3,two_beetles.mp3,3,B,2
Anna.png,Ben.png,Cindy.png,Dave.png,Anna_3eggplants.png,Ben_3eggplants.png,Cindy.png,Dave.png,Anna_3eggplants.png,Ben_3eggplants.png,Cindy_3eggs.png,Dave_3eggs.png,Anna_3eggplants.png,Ben.png,Cindy_3eggs.png,Dave_3eggs.png,Anna_1eggplant.png,Ben.png,Cindy_3eggs.png,Dave_3eggs.png,Anna_1eggplant.png,Ben.png,Cindy.png,Dave_3eggs.png,Anna_1eggplant.png,Ben.png,Cindy.png,Dave_1egg.png,A4_1.mp3,A4_2.mp3,A4_3.mp3,A4_4.mp3,A4_S5.mp3,A4_S6.mp3,three_eggs.mp3,4,A,1
Anna.png,Ben.png,Cindy.png,Dave.png,Anna_3eggplants.png,Ben_3eggplants.png,Cindy.png,Dave.png,Anna_3eggplants.png,Ben_3eggplants.png,Cindy_3eggs.png,Dave_3eggs.png,Anna_3eggplants.png,Ben.png,Cindy_3eggs.png,Dave_3eggs.png,Anna_1eggplant.png,Ben.png,Cindy_3eggs.png,Dave_3eggs.png,Anna_1eggplant.png,Ben.png,Cindy.png,Dave_3eggs.png,Anna_1eggplant.png,Ben.png,Cindy.png,Dave_1egg.png,A4_1.mp3,A4_2.mp3,A4_3.mp3,A4_4.mp3,A4_S5.mp3,A4_S6.mp3,all_eggs.mp3,4,A,2
Anna.png,Ben.png,Cindy.png,Dave.png,Anna_3eggplants.png,Ben_3eggplants.png,Cindy.png,Dave.png,Anna_3eggplants.png,Ben_3eggplants.png,Cindy_3eggs.png,Dave_3eggs.png,Anna.png,Ben_3eggplants.png,Cindy_3eggs.png,Dave_3eggs.png,Anna.png,Ben_1eggplant.png,Cindy_3eggs.png,Dave_3eggs.png,Anna.png,Ben_1eggplant.png,Cindy_3eggs.png,Dave.png,Anna.png,Ben_1eggplant.png,Cindy_1egg.png,Dave.png,B4_1.mp3,B4_2.mp3,B4_3.mp3,B4_4.mp3,B4_S5.mp3,B4_S6.mp3,two_eggs.mp3,4,B,1
Anna.png,Ben.png,Cindy.png,Dave.png,Anna_3eggplants.png,Ben_3eggplants.png,Cindy.png,Dave.png,Anna_3eggplants.png,Ben_3eggplants.png,Cindy_3eggs.png,Dave_3eggs.png,Anna.png,Ben_3eggplants.png,Cindy_3eggs.png,Dave_3eggs.png,Anna.png,Ben_1eggplant.png,Cindy_3eggs.png,Dave_3eggs.png,Anna.png,Ben_1eggplant.png,Cindy_3eggs.png,Dave.png,Anna.png,Ben_1eggplant.png,Cindy_1egg.png,Dave.png,B4_1.mp3,B4_2.mp3,B4_3.mp3,B4_4.mp3,B4_S5.mp3,B4_S6.mp3,some_eggs.mp3,4,B,2
Anna.png,Ben.png,Cindy.png,Dave.png,Anna_3rabbits.png,Ben_3rabbits.png,Cindy.png,Dave.png,Anna_3rabbits.png,Ben_3rabbits.png,Cindy_3rats.png,Dave_3rats.png,Anna_3rabbits.png,Ben.png,Cindy_3rats.png,Dave_3rats.png,Anna_1rabbit.png,Ben.png,Cindy_3rats.png,Dave_3rats.png,Anna_1rabbit.png,Ben.png,Cindy.png,Dave_3rats.png,Anna_1rabbit.png,Ben.png,Cindy.png,Dave_1rat.png,A5_1.mp3,A5_2.mp3,A5_3.mp3,A5_4.mp3,A5_S5.mp3,A5_S6.mp3,all_rabbits.mp3,5,A,1
Anna.png,Ben.png,Cindy.png,Dave.png,Anna_3rabbits.png,Ben_3rabbits.png,Cindy.png,Dave.png,Anna_3rabbits.png,Ben_3rabbits.png,Cindy_3rats.png,Dave_3rats.png,Anna_3rabbits.png,Ben.png,Cindy_3rats.png,Dave_3rats.png,Anna_1rabbit.png,Ben.png,Cindy_3rats.png,Dave_3rats.png,Anna_1rabbit.png,Ben.png,Cindy.png,Dave_3rats.png,Anna_1rabbit.png,Ben.png,Cindy.png,Dave_1rat.png,A5_1.mp3,A5_2.mp3,A5_3.mp3,A5_4.mp3,A5_S5.mp3,A5_S6.mp3,three_rabbits.mp3,5,A,2
Anna.png,Ben.png,Cindy.png,Dave.png,Anna_3rabbits.png,Ben_3rabbits.png,Cindy.png,Dave.png,Anna_3rabbits.png,Ben_3rabbits.png,Cindy_3rats.png,Dave_3rats.png,Anna.png,Ben_3rabbits.png,Cindy_3rats.png,Dave_3rats.png,Anna.png,Ben_1rabbit.png,Cindy_3rats.png,Dave_3rats.png,Anna.png,Ben_1rabbit.png,Cindy_3rats.png,Dave.png,Anna.png,Ben_1rabbit.png,Cindy_1rat.png,Dave.png,B5_1.mp3,B5_2.mp3,B5_3.mp3,B5_4.mp3,B5_S5.mp3,B5_S6.mp3,some_rabbits.mp3,5,B,1
Anna.png,Ben.png,Cindy.png,Dave.png,Anna_3rabbits.png,Ben_3rabbits.png,Cindy.png,Dave.png,Anna_3rabbits.png,Ben_3rabbits.png,Cindy_3rats.png,Dave_3rats.png,Anna.png,Ben_3rabbits.png,Cindy_3rats.png,Dave_3rats.png,Anna.png,Ben_1rabbit.png,Cindy_3rats.png,Dave_3rats.png,Anna.png,Ben_1rabbit.png,Cindy_3rats.png,Dave.png,Anna.png,Ben_1rabbit.png,Cindy_1rat.png,Dave.png,B5_1.mp3,B5_2.mp3,B5_3.mp3,B5_4.mp3,B5_S5.mp3,B5_S6.mp3,two_rabbits.mp3,5,B,2
Anna.png,Ben.png,Cindy.png,Dave.png,Anna_3dolls.png,Ben_3dolls.png,Cindy.png,Dave.png,Anna_3dolls.png,Ben_3dolls.png,Cindy_3dogs.png,Dave_3dogs.png,Anna.png,Ben_3dolls.png,Cindy_3dogs.png,Dave_3dogs.png,Anna.png,Ben_1doll.png,Cindy_3dogs.png,Dave_3dogs.png,Anna.png,Ben_1doll.png,Cindy_3dogs.png,Dave.png,Anna.png,Ben_1doll.png,Cindy_1dog.png,Dave.png,A6_1.mp3,A6_2.mp3,A6_3.mp3,A6_4.mp3,A6_S5.mp3,A6_S6.mp3,three_dolls.mp3,6,A,1
Anna.png,Ben.png,Cindy.png,Dave.png,Anna_3dolls.png,Ben_3dolls.png,Cindy.png,Dave.png,Anna_3dolls.png,Ben_3dolls.png,Cindy_3dogs.png,Dave_3dogs.png,Anna.png,Ben_3dolls.png,Cindy_3dogs.png,Dave_3dogs.png,Anna.png,Ben_1doll.png,Cindy_3dogs.png,Dave_3dogs.png,Anna.png,Ben_1doll.png,Cindy_3dogs.png,Dave.png,Anna.png,Ben_1doll.png,Cindy_1dog.png,Dave.png,A6_1.mp3,A6_2.mp3,A6_3.mp3,A6_4.mp3,A6_S5.mp3,A6_S6.mp3,all_dolls.mp3,6,A,2
Anna.png,Ben.png,Cindy.png,Dave.png,Anna_3dolls.png,Ben_3dolls.png,Cindy.png,Dave.png,Anna_3dolls.png,Ben_3dolls.png,Cindy_3dogs.png,Dave_3dogs.png,Anna_3dolls.png,Ben.png,Cindy_3dogs.png,Dave_3dogs.png,Anna_1doll.png,Ben.png,Cindy_3dogs.png,Dave_3dogs.png,Anna_1doll.png,Ben.png,Cindy.png,Dave_3dogs.png,Anna_1doll.png,Ben.png,Cindy.png,Dave_1dog.png,B6_1.mp3,B6_2.mp3,B6_3.mp3,B6_4.mp3,B6_S5.mp3,B6_S6.mp3,two_dolls.mp3,6,B,1
Anna.png,Ben.png,Cindy.png,Dave.png,Anna_3dolls.png,Ben_3dolls.png,Cindy.png,Dave.png,Anna_3dolls.png,Ben_3dolls.png,Cindy_3dogs.png,Dave_3dogs.png,Anna_3dolls.png,Ben.png,Cindy_3dogs.png,Dave_3dogs.png,Anna_1doll.png,Ben.png,Cindy_3dogs.png,Dave_3dogs.png,Anna_1doll.png,Ben.png,Cindy.png,Dave_3dogs.png,Anna_1doll.png,Ben.png,Cindy.png,Dave_1dog.png,B6_1.mp3,B6_2.mp3,B6_3.mp3,B6_4.mp3,B6_S5.mp3,B6_S6.mp3,some_dolls.mp3,6,B,2
Anna.png,Ben.png,Cindy.png,Dave.png,Anna_3hamburgers.png,Ben_3hamburgers.png,Cindy.png,Dave.png,Anna_3hamburgers.png,Ben_3hamburgers.png,Cindy_3hamsters.png,Dave_3hamsters.png,Anna_3hamburgers.png,Ben.png,Cindy_3hamsters.png,Dave_3hamsters.png,Anna_1hamburger.png,Ben.png,Cindy_3hamsters.png,Dave_3hamsters.png,Anna_1hamburger.png,Ben.png,Cindy.png,Dave_3hamsters.png,Anna_1hamburger.png,Ben.png,Cindy.png,Dave_1hamster.png,A7_1.mp3,A7_2.mp3,A7_3.mp3,A7_4.mp3,A7_S5.mp3,A7_S6.mp3,some_hamsters.mp3,7,A,1
Anna.png,Ben.png,Cindy.png,Dave.png,Anna_3hamburgers.png,Ben_3hamburgers.png,Cindy.png,Dave.png,Anna_3hamburgers.png,Ben_3hamburgers.png,Cindy_3hamsters.png,Dave_3hamsters.png,Anna_3hamburgers.png,Ben.png,Cindy_3hamsters.png,Dave_3hamsters.png,Anna_1hamburger.png,Ben.png,Cindy_3hamsters.png,Dave_3hamsters.png,Anna_1hamburger.png,Ben.png,Cindy.png,Dave_3hamsters.png,Anna_1hamburger.png,Ben.png,Cindy.png,Dave_1hamster.png,A7_1.mp3,A7_2.mp3,A7_3.mp3,A7_4.mp3,A7_S5.mp3,A7_S6.mp3,two_hamsters.mp3,7,A,2
Anna.png,Ben.png,Cindy.png,Dave.png,Anna_3hamburgers.png,Ben_3hamburgers.png,Cindy.png,Dave.png,Anna_3hamburgers.png,Ben_3hamburgers.png,Cindy_3hamsters.png,Dave_3hamsters.png,Anna.png,Ben_3hamburgers.png,Cindy_3hamsters.png,Dave_3hamsters.png,Anna.png,Ben_1hamburger.png,Cindy_3hamsters.png,Dave_3hamsters.png,Anna.png,Ben_1hamburger.png,Cindy_3hamsters.png,Dave.png,Anna.png,Ben_1hamburger.png,Cindy_1hamster.png,Dave.png,B7_1.mp3,B7_2.mp3,B7_3.mp3,B7_4.mp3,B7_S5.mp3,B7_S6.mp3,all_hamsters.mp3,7,B,1
Anna.png,Ben.png,Cindy.png,Dave.png,Anna_3hamburgers.png,Ben_3hamburgers.png,Cindy.png,Dave.png,Anna_3hamburgers.png,Ben_3hamburgers.png,Cindy_3hamsters.png,Dave_3hamsters.png,Anna.png,Ben_3hamburgers.png,Cindy_3hamsters.png,Dave_3hamsters.png,Anna.png,Ben_1hamburger.png,Cindy_3hamsters.png,Dave_3hamsters.png,Anna.png,Ben_1hamburger.png,Cindy_3hamsters.png,Dave.png,Anna.png,Ben_1hamburger.png,Cindy_1hamster.png,Dave.png,B7_1.mp3,B7_2.mp3,B7_3.mp3,B7_4.mp3,B7_S5.mp3,B7_S6.mp3,three_hamsters.mp3,7,B,2
Anna.png,Ben.png,Cindy.png,Dave.png,Anna_3chipmunks.png,Ben_3chipmunks.png,Cindy.png,Dave.png,Anna_3chipmunks.png,Ben_3chipmunks.png,Cindy_3chickens.png,Dave_3chickens.png,Anna.png,Ben_3chipmunks.png,Cindy_3chickens.png,Dave_3chickens.png,Anna.png,Ben_1chipmunk.png,Cindy_3chickens.png,Dave_3chickens.png,Anna.png,Ben_1chipmunk.png,Cindy_3chickens.png,Dave.png,Anna.png,Ben_1chipmunk.png,Cindy_1chicken.png,Dave.png,A8_1.mp3,A8_2.mp3,A8_3.mp3,A8_4.mp3,A8_S5.mp3,A8_S6.mp3,two_chickens.mp3,8,A,1
Anna.png,Ben.png,Cindy.png,Dave.png,Anna_3chipmunks.png,Ben_3chipmunks.png,Cindy.png,Dave.png,Anna_3chipmunks.png,Ben_3chipmunks.png,Cindy_3chickens.png,Dave_3chickens.png,Anna.png,Ben_3chipmunks.png,Cindy_3chickens.png,Dave_3chickens.png,Anna.png,Ben_1chipmunk.png,Cindy_3chickens.png,Dave_3chickens.png,Anna.png,Ben_1chipmunk.png,Cindy_3chickens.png,Dave.png,Anna.png,Ben_1chipmunk.png,Cindy_1chicken.png,Dave.png,A8_1.mp3,A8_2.mp3,A8_3.mp3,A8_4.mp3,A8_S5.mp3,A8_S6.mp3,some_chickens.mp3,8,A,2
Anna.png,Ben.png,Cindy.png,Dave.png,Anna_3chipmunks.png,Ben_3chipmunks.png,Cindy.png,Dave.png,Anna_3chipmunks.png,Ben_3chipmunks.png,Cindy_3chickens.png,Dave_3chickens.png,Anna_3chipmunks.png,Ben.png,Cindy_3chickens.png,Dave_3chickens.png,Anna_1chipmunk.png,Ben.png,Cindy_3chickens.png,Dave_3chickens.png,Anna_1chipmunk.png,Ben.png,Cindy.png,Dave_3chickens.png,Anna_1chipmunk.png,Ben.png,Cindy.png,Dave_1chicken.png,B8_1.mp3,B8_2.mp3,B8_3.mp3,B8_4.mp3,B8_S5.mp3,B8_S6.mp3,three_chickens.mp3,8,B,1
Anna.png,Ben.png,Cindy.png,Dave.png,Anna_3chipmunks.png,Ben_3chipmunks.png,Cindy.png,Dave.png,Anna_3chipmunks.png,Ben_3chipmunks.png,Cindy_3chickens.png,Dave_3chickens.png,Anna_3chipmunks.png,Ben.png,Cindy_3chickens.png,Dave_3chickens.png,Anna_1chipmunk.png,Ben.png,Cindy_3chickens.png,Dave_3chickens.png,Anna_1chipmunk.png,Ben.png,Cindy.png,Dave_3chickens.png,Anna_1chipmunk.png,Ben.png,Cindy.png,Dave_1chicken.png,B8_1.mp3,B8_2.mp3,B8_3.mp3,B8_4.mp3,B8_S5.mp3,B8_S6.mp3,all_chickens.mp3,8,B,2
Anna.png,Ben.png,Cindy.png,Dave.png,Anna_3peaches.png,Ben_3peaches.png,Cindy.png,Dave.png,Anna_3peaches.png,Ben_3peaches.png,Cindy_3peanuts.png,Dave_3peanuts.png,Anna_3peaches.png,Ben.png,Cindy_3peanuts.png,Dave_3peanuts.png,Anna_1peach.png,Ben.png,Cindy_3peanuts.png,Dave_3peanuts.png,Anna_1peach.png,Ben.png,Cindy.png,Dave_3peanuts.png,Anna_1peach.png,Ben.png,Cindy.png,Dave_1peanut.png,A9_1.mp3,A9_2.mp3,A9_3.mp3,A9_4.mp3,A9_S5.mp3,A9_S6.mp3,some_peanuts.mp3,9,A,1
Anna.png,Ben.png,Cindy.png,Dave.png,Anna_3peaches.png,Ben_3peaches.png,Cindy.png,Dave.png,Anna_3peaches.png,Ben_3peaches.png,Cindy_3peanuts.png,Dave_3peanuts.png,Anna_3peaches.png,Ben.png,Cindy_3peanuts.png,Dave_3peanuts.png,Anna_1peach.png,Ben.png,Cindy_3peanuts.png,Dave_3peanuts.png,Anna_1peach.png,Ben.png,Cindy.png,Dave_3peanuts.png,Anna_1peach.png,Ben.png,Cindy.png,Dave_1peanut.png,A9_1.mp3,A9_2.mp3,A9_3.mp3,A9_4.mp3,A9_S5.mp3,A9_S6.mp3,two_peanuts.mp3,9,A,2
Anna.png,Ben.png,Cindy.png,Dave.png,Anna_3peaches.png,Ben_3peaches.png,Cindy.png,Dave.png,Anna_3peaches.png,Ben_3peaches.png,Cindy_3peanuts.png,Dave_3peanuts.png,Anna.png,Ben_3peaches.png,Cindy_3peanuts.png,Dave_3peanuts.png,Anna.png,Ben_1peach.png,Cindy_3peanuts.png,Dave_3peanuts.png,Anna.png,Ben_1peach.png,Cindy_3peanuts.png,Dave.png,Anna.png,Ben_1peach.png,Cindy_1peanut.png,Dave.png,B9_1.mp3,B9_2.mp3,B9_3.mp3,B9_4.mp3,B9_S5.mp3,B9_S6.mp3,all_peanuts.mp3,9,B,1
Anna.png,Ben.png,Cindy.png,Dave.png,Anna_3peaches.png,Ben_3peaches.png,Cindy.png,Dave.png,Anna_3peaches.png,Ben_3peaches.png,Cindy_3peanuts.png,Dave_3peanuts.png,Anna.png,Ben_3peaches.png,Cindy_3peanuts.png,Dave_3peanuts.png,Anna.png,Ben_1peach.png,Cindy_3peanuts.png,Dave_3peanuts.png,Anna.png,Ben_1peach.png,Cindy_3peanuts.png,Dave.png,Anna.png,Ben_1peach.png,Cindy_1peanut.png,Dave.png,B9_1.mp3,B9_2.mp3,B9_3.mp3,B9_4.mp3,B9_S5.mp3,B9_S6.mp3,three_peanuts.mp3,9,B,2
Anna.png,Ben.png,Cindy.png,Dave.png,Anna_3teacups.png,Ben_3teacups.png,Cindy.png,Dave.png,Anna_3teacups.png,Ben_3teacups.png,Cindy_3tshirts.png,Dave_3tshirts.png,Anna.png,Ben_3teacups.png,Cindy_3tshirts.png,Dave_3tshirts.png,Anna.png,Ben_1teacup.png,Cindy_3tshirts.png,Dave_3tshirts.png,Anna.png,Ben_1teacup.png,Cindy_3tshirts.png,Dave.png,Anna.png,Ben_1teacup.png,Cindy_1tshirt.png,Dave.png,A10_1.mp3,A10_2.mp3,A10_3.mp3,A10_4.mp3,A10_S5.mp3,A10_S6.mp3,two_teacups.mp3,10,A,1
Anna.png,Ben.png,Cindy.png,Dave.png,Anna_3teacups.png,Ben_3teacups.png,Cindy.png,Dave.png,Anna_3teacups.png,Ben_3teacups.png,Cindy_3tshirts.png,Dave_3tshirts.png,Anna.png,Ben_3teacups.png,Cindy_3tshirts.png,Dave_3tshirts.png,Anna.png,Ben_1teacup.png,Cindy_3tshirts.png,Dave_3tshirts.png,Anna.png,Ben_1teacup.png,Cindy_3tshirts.png,Dave.png,Anna.png,Ben_1teacup.png,Cindy_1tshirt.png,Dave.png,A10_1.mp3,A10_2.mp3,A10_3.mp3,A10_4.mp3,A10_S5.mp3,A10_S6.mp3,some_teacups.mp3,10,A,2
Anna.png,Ben.png,Cindy.png,Dave.png,Anna_3teacups.png,Ben_3teacups.png,Cindy.png,Dave.png,Anna_3teacups.png,Ben_3teacups.png,Cindy_3tshirts.png,Dave_3tshirts.png,Anna_3teacups.png,Ben.png,Cindy_3tshirts.png,Dave_3tshirts.png,Anna_1teacup.png,Ben.png,Cindy_3tshirts.png,Dave_3tshirts.png,Anna_1teacup.png,Ben.png,Cindy.png,Dave_3tshirts.png,Anna_1teacup.png,Ben.png,Cindy.png,Dave_1tshirt.png,B10_1.mp3,B10_2.mp3,B10_3.mp3,B10_4.mp3,B10_S5.mp3,B10_S6.mp3,three_teacups.mp3,10,B,1
Anna.png,Ben.png,Cindy.png,Dave.png,Anna_3teacups.png,Ben_3teacups.png,Cindy.png,Dave.png,Anna_3teacups.png,Ben_3teacups.png,Cindy_3tshirts.png,Dave_3tshirts.png,Anna_3teacups.png,Ben.png,Cindy_3tshirts.png,Dave_3tshirts.png,Anna_1teacup.png,Ben.png,Cindy_3tshirts.png,Dave_3tshirts.png,Anna_1teacup.png,Ben.png,Cindy.png,Dave_3tshirts.png,Anna_1teacup.png,Ben.png,Cindy.png,Dave_1tshirt.png,B10_1.mp3,B10_2.mp3,B10_3.mp3,B10_4.mp3,B10_S5.mp3,B10_S6.mp3,all_teacups.mp3,10,B,2
Anna.png,Ben.png,Cindy.png,Dave.png,Anna_3waffles.png,Ben_3waffles.png,Cindy.png,Dave.png,Anna_3waffles.png,Ben_3waffles.png,Cindy_3walnuts.png,Dave_3walnuts.png,Anna_3waffles.png,Ben.png,Cindy_3walnuts.png,Dave_3walnuts.png,Anna_1waffle.png,Ben.png,Cindy_3walnuts.png,Dave_3walnuts.png,Anna_1waffle.png,Ben.png,Cindy.png,Dave_3walnuts.png,Anna_1waffle.png,Ben.png,Cindy.png,Dave_1walnut.png,A11_1.mp3,A11_2.mp3,A11_3.mp3,A11_4.mp3,A11_S5.mp3,A11_S6.mp3,three_waffles.mp3,11,A,1
Anna.png,Ben.png,Cindy.png,Dave.png,Anna_3waffles.png,Ben_3waffles.png,Cindy.png,Dave.png,Anna_3waffles.png,Ben_3waffles.png,Cindy_3walnuts.png,Dave_3walnuts.png,Anna_3waffles.png,Ben.png,Cindy_3walnuts.png,Dave_3walnuts.png,Anna_1waffle.png,Ben.png,Cindy_3walnuts.png,Dave_3walnuts.png,Anna_1waffle.png,Ben.png,Cindy.png,Dave_3walnuts.png,Anna_1waffle.png,Ben.png,Cindy.png,Dave_1walnut.png,A11_1.mp3,A11_2.mp3,A11_3.mp3,A11_4.mp3,A11_S5.mp3,A11_S6.mp3,all_waffles.mp3,11,A,2
Anna.png,Ben.png,Cindy.png,Dave.png,Anna_3waffles.png,Ben_3waffles.png,Cindy.png,Dave.png,Anna_3waffles.png,Ben_3waffles.png,Cindy_3walnuts.png,Dave_3walnuts.png,Anna.png,Ben_3waffles.png,Cindy_3walnuts.png,Dave_3walnuts.png,Anna.png,Ben_1waffle.png,Cindy_3walnuts.png,Dave_3walnuts.png,Anna.png,Ben_1waffle.png,Cindy_3walnuts.png,Dave.png,Anna.png,Ben_1waffle.png,Cindy_1walnut.png,Dave.png,B11_1.mp3,B11_2.mp3,B11_3.mp3,B11_4.mp3,B11_S5.mp3,B11_S6.mp3,two_waffles.mp3,11,B,1
Anna.png,Ben.png,Cindy.png,Dave.png,Anna_3waffles.png,Ben_3waffles.png,Cindy.png,Dave.png,Anna_3waffles.png,Ben_3waffles.png,Cindy_3walnuts.png,Dave_3walnuts.png,Anna.png,Ben_3waffles.png,Cindy_3walnuts.png,Dave_3walnuts.png,Anna.png,Ben_1waffle.png,Cindy_3walnuts.png,Dave_3walnuts.png,Anna.png,Ben_1waffle.png,Cindy_3walnuts.png,Dave.png,Anna.png,Ben_1waffle.png,Cindy_1walnut.png,Dave.png,B11_1.mp3,B11_2.mp3,B11_3.mp3,B11_4.mp3,B11_S5.mp3,B11_S6.mp3,some_waffles.mp3,11,B,2
Anna.png,Ben.png,Cindy.png,Dave.png,Anna_3pigs.png,Ben_3pigs.png,Cindy.png,Dave.png,Anna_3pigs.png,Ben_3pigs.png,Cindy_3pigeons.png,Dave_3pigeons.png,Anna_3pigs.png,Ben.png,Cindy_3pigeons.png,Dave_3pigeons.png,Anna_1pig.png,Ben.png,Cindy_3pigeons.png,Dave_3pigeons.png,Anna_1pig.png,Ben.png,Cindy_png,Dave_3pigeons.png,Anna_1pig.png,Ben.png,Cindy_png,Dave_1pigeon.png,A12_1.mp3,A12_2.mp3,A12_3.mp3,A12_4.mp3,A12_S5.mp3,A12_S6.mp3,all_pigeons.mp3,12,A,1
Anna.png,Ben.png,Cindy.png,Dave.png,Anna_3pigs.png,Ben_3pigs.png,Cindy.png,Dave.png,Anna_3pigs.png,Ben_3pigs.png,Cindy_3pigeons.png,Dave_3pigeons.png,Anna_3pigs.png,Ben.png,Cindy_3pigeons.png,Dave_3pigeons.png,Anna_1pig.png,Ben.png,Cindy_3pigeons.png,Dave_3pigeons.png,Anna_1pig.png,Ben.png,Cindy_png,Dave_3pigeons.png,Anna_1pig.png,Ben.png,Cindy_png,Dave_1pigeon.png,A12_1.mp3,A12_2.mp3,A12_3.mp3,A12_4.mp3,A12_S5.mp3,A12_S6.mp3,three_pigeons.mp3,12,A,2
Anna.png,Ben.png,Cindy.png,Dave.png,Anna_3pigs.png,Ben_3pigs.png,Cindy.png,Dave.png,Anna_3pigs.png,Ben_3pigs.png,Cindy_3pigeons.png,Dave_3pigeons.png,Anna.png,Ben_3pigs.png,Cindy_3pigeons.png,Dave_3pigeons.png,Anna.png,Ben_1pig.png,Cindy_3pigeons.png,Dave_3pigeons.png,Anna.png,Ben_1pig.png,Cindy_3pigeons.png,Dave.png,Anna.png,Ben_1pig.png,Cindy_1pigeon.png,Dave.png,B12_1.mp3,B12_2.mp3,B12_3.mp3,B12_4.mp3,B12_S5.mp3,B12_S6.mp3,some_pigeons.mp3,12,B,1
Anna.png,Ben.png,Cindy.png,Dave.png,Anna_3pigs.png,Ben_3pigs.png,Cindy.png,Dave.png,Anna_3pigs.png,Ben_3pigs.png,Cindy_3pigeons.png,Dave_3pigeons.png,Anna.png,Ben_3pigs.png,Cindy_3pigeons.png,Dave_3pigeons.png,Anna.png,Ben_1pig.png,Cindy_3pigeons.png,Dave_3pigeons.png,Anna.png,Ben_1pig.png,Cindy_3pigeons.png,Dave.png,Anna.png,Ben_1pig.png,Cindy_1pigeon.png,Dave.png,B12_1.mp3,B12_2.mp3,B12_3.mp3,B12_4.mp3,B12_S5.mp3,B12_S6.mp3,two_pigeons.mp3,12,B,2
Anna.png,Ben.png,Cindy.png,Dave.png,Anna_3grapes.png,Ben_3grapes.png,Cindy.png,Dave.png,Anna_3grapes.png,Ben_3grapes.png,Cindy_3grapefruits.png,Dave_3grapefruits.png,Anna.png,Ben_3grapes.png,Cindy_3grapefruits.png,Dave_3grapefruits.png,Anna.png,Ben_1grape.png,Cindy_3grapefruits.png,Dave_3grapefruits.png,Anna.png,Ben_1grape.png,Cindy_3grapefruits.png,Dave.png,Anna.png,Ben_1grape.png,Cindy_1grapefruit.png,Dave.png,A13_1.mp3,A13_2.mp3,A13_3.mp3,A13_4.mp3,A13_S5.mp3,A13_S6.mp3,three_grapefruits.mp3,13,A,1
Anna.png,Ben.png,Cindy.png,Dave.png,Anna_3grapes.png,Ben_3grapes.png,Cindy.png,Dave.png,Anna_3grapes.png,Ben_3grapes.png,Cindy_3grapefruits.png,Dave_3grapefruits.png,Anna.png,Ben_3grapes.png,Cindy_3grapefruits.png,Dave_3grapefruits.png,Anna.png,Ben_1grape.png,Cindy_3grapefruits.png,Dave_3grapefruits.png,Anna.png,Ben_1grape.png,Cindy_3grapefruits.png,Dave.png,Anna.png,Ben_1grape.png,Cindy_1grapefruit.png,Dave.png,A13_1.mp3,A13_2.mp3,A13_3.mp3,A13_4.mp3,A13_S5.mp3,A13_S6.mp3,all_grapefruits.mp3,13,A,2
Anna.png,Ben.png,Cindy.png,Dave.png,Anna_3grapes.png,Ben_3grapes.png,Cindy.png,Dave.png,Anna_3grapes.png,Ben_3grapes.png,Cindy_3grapefruits.png,Dave_3grapefruits.png,Anna_3grapes.png,Ben.png,Cindy_3grapefruits.png,Dave_3grapefruits.png,Anna_1grape.png,Ben.png,Cindy_3grapefruits.png,Dave_3grapefruits.png,Anna_1grape.png,Ben.png,Cindy_png,Dave_3grapefruits.png,Anna_1grape.png,Ben.png,Cindy_png,Dave_1grapefruit.png,B13_1.mp3,B13_2.mp3,B13_3.mp3,B13_4.mp3,B13_S5.mp3,B13_S6.mp3,two_grapefruits.mp3,13,B,1
Anna.png,Ben.png,Cindy.png,Dave.png,Anna_3grapes.png,Ben_3grapes.png,Cindy.png,Dave.png,Anna_3grapes.png,Ben_3grapes.png,Cindy_3grapefruits.png,Dave_3grapefruits.png,Anna_3grapes.png,Ben.png,Cindy_3grapefruits.png,Dave_3grapefruits.png,Anna_1grape.png,Ben.png,Cindy_3grapefruits.png,Dave_3grapefruits.png,Anna_1grape.png,Ben.png,Cindy_png,Dave_3grapefruits.png,Anna_1grape.png,Ben.png,Cindy_png,Dave_1grapefruit.png,B13_1.mp3,B13_2.mp3,B13_3.mp3,B13_4.mp3,B13_S5.mp3,B13_S6.mp3,some_grapefruits.mp3,13,B,2
Anna.png,Ben.png,Cindy.png,Dave.png,Anna_3muffins.png,Ben_3muffins.png,Cindy.png,Dave.png,Anna_3muffins.png,Ben_3muffins.png,Cindy_3mushrooms.png,Dave_3mushrooms.png,Anna.png,Ben_3muffins.png,Cindy_3mushrooms.png,Dave_3mushrooms.png,Anna.png,Ben_1muffin.png,Cindy_3mushrooms.png,Dave_3mushrooms.png,Anna.png,Ben_1muffin.png,Cindy_3mushrooms.png,Dave.png,Anna.png,Ben_1muffin.png,Cindy_1mushroom.png,Dave.png,A14_1.mp3,A14_2.mp3,A14_3.mp3,A14_4.mp3,A14_S5.mp3,A14_S6.mp3,some_mushrooms.mp3,14,A,1
Anna.png,Ben.png,Cindy.png,Dave.png,Anna_3muffins.png,Ben_3muffins.png,Cindy.png,Dave.png,Anna_3muffins.png,Ben_3muffins.png,Cindy_3mushrooms.png,Dave_3mushrooms.png,Anna.png,Ben_3muffins.png,Cindy_3mushrooms.png,Dave_3mushrooms.png,Anna.png,Ben_1muffin.png,Cindy_3mushrooms.png,Dave_3mushrooms.png,Anna.png,Ben_1muffin.png,Cindy_3mushrooms.png,Dave.png,Anna.png,Ben_1muffin.png,Cindy_1mushroom.png,Dave.png,A14_1.mp3,A14_2.mp3,A14_3.mp3,A14_4.mp3,A14_S5.mp3,A14_S6.mp3,two_mushrooms.mp3,14,A,2
Anna.png,Ben.png,Cindy.png,Dave.png,Anna_3muffins.png,Ben_3muffins.png,Cindy.png,Dave.png,Anna_3muffins.png,Ben_3muffins.png,Cindy_3mushrooms.png,Dave_3mushrooms.png,Anna_3muffins.png,Ben.png,Cindy_3mushrooms.png,Dave_3mushrooms.png,Anna_1muffin.png,Ben.png,Cindy_3mushrooms.png,Dave_3mushrooms.png,Anna_1muffin.png,Ben.png,Cindy.png,Dave_3mushrooms.png,Anna_1muffin.png,Ben.png,Cindy.png,Dave_1mushroom.png,B14_1.mp3,B14_2.mp3,B14_3.mp3,B14_4.mp3,B14_S5.mp3,B14_S6.mp3,all_mushrooms.mp3,14,B,1
Anna.png,Ben.png,Cindy.png,Dave.png,Anna_3muffins.png,Ben_3muffins.png,Cindy.png,Dave.png,Anna_3muffins.png,Ben_3muffins.png,Cindy_3mushrooms.png,Dave_3mushrooms.png,Anna_3muffins.png,Ben.png,Cindy_3mushrooms.png,Dave_3mushrooms.png,Anna_1muffin.png,Ben.png,Cindy_3mushrooms.png,Dave_3mushrooms.png,Anna_1muffin.png,Ben.png,Cindy.png,Dave_3mushrooms.png,Anna_1muffin.png,Ben.png,Cindy.png,Dave_1mushroom.png,B14_1.mp3,B14_2.mp3,B14_3.mp3,B14_4.mp3,B14_S5.mp3,B14_S6.mp3,three_mushrooms.mp3,14,B,2
Anna.png,Ben.png,Cindy.png,Dave.png,Anna_3turkeys.png,Ben_3turkeys.png,Cindy.png,Dave.png,Anna_3turkeys.png,Ben_3turkeys.png,Cindy_3turtles.png,Dave_3turtles.png,Anna.png,Ben_3turkeys.png,Cindy_3turtles.png,Dave_3turtles.png,Anna.png,Ben_1turkey.png,Cindy_3turtles.png,Dave_3turtles.png,Anna.png,Ben_1turkey.png,Cindy_3turtles.png,Dave.png,Anna.png,Ben_1turkey.png,Cindy_1turtle.png,Dave.png,A15_1.mp3,A15_2.mp3,A15_3.mp3,A15_4.mp3,A15_S5.mp3,A15_S6.mp3,two_turkeys.mp3,15,A,1
Anna.png,Ben.png,Cindy.png,Dave.png,Anna_3turkeys.png,Ben_3turkeys.png,Cindy.png,Dave.png,Anna_3turkeys.png,Ben_3turkeys.png,Cindy_3turtles.png,Dave_3turtles.png,Anna.png,Ben_3turkeys.png,Cindy_3turtles.png,Dave_3turtles.png,Anna.png,Ben_1turkey.png,Cindy_3turtles.png,Dave_3turtles.png,Anna.png,Ben_1turkey.png,Cindy_3turtles.png,Dave.png,Anna.png,Ben_1turkey.png,Cindy_1turtle.png,Dave.png,A15_1.mp3,A15_2.mp3,A15_3.mp3,A15_4.mp3,A15_S5.mp3,A15_S6.mp3,some_turkeys.mp3,15,A,2
Anna.png,Ben.png,Cindy.png,Dave.png,Anna_3turkeys.png,Ben_3turkeys.png,Cindy.png,Dave.png,Anna_3turkeys.png,Ben_3turkeys.png,Cindy_3turtles.png,Dave_3turtles.png,Anna_3turkeys.png,Ben.png,Cindy_3turtles.png,Dave_3turtles.png,Anna_1turkey.png,Ben.png,Cindy_3turtles.png,Dave_3turtles.png,Anna_1turkey.png,Ben.png,Cindy.png,Dave_3turtles.png,Anna_1turkey.png,Ben.png,Cindy.png,Dave_1turtle.png,B15_1.mp3,B15_2.mp3,B15_3.mp3,B15_4.mp3,B15_S5.mp3,B15_S6.mp3,three_turkeys.mp3,15,B,1
Anna.png,Ben.png,Cindy.png,Dave.png,Anna_3turkeys.png,Ben_3turkeys.png,Cindy.png,Dave.png,Anna_3turkeys.png,Ben_3turkeys.png,Cindy_3turtles.png,Dave_3turtles.png,Anna_3turkeys.png,Ben.png,Cindy_3turtles.png,Dave_3turtles.png,Anna_1turkey.png,Ben.png,Cindy_3turtles.png,Dave_3turtles.png,Anna_1turkey.png,Ben.png,Cindy.png,Dave_3turtles.png,Anna_1turkey.png,Ben.png,Cindy.png,Dave_1turtle.png,B15_1.mp3,B15_2.mp3,B15_3.mp3,B15_4.mp3,B15_S5.mp3,B15_S6.mp3,all_turkeys.mp3,15,B,2
Anna.png,Ben.png,Cindy.png,Dave.png,Anna_3bunnies.png,Ben_3bunnies.png,Cindy.png,Dave.png,Anna_3bunnies.png,Ben_3bunnies.png,Cindy_3balloons.png,Dave_3balloons.png,Anna_3bunnies.png,Ben.png,Cindy_3balloons.png,Dave_3balloons.png,Anna_1bunny.png,Ben.png,Cindy_3balloons.png,Dave_3balloons.png,Anna_1bunny.png,Ben.png,Cindy.png,Dave_3balloons.png,Anna_1bunny.png,Ben.png,Cindy.png,Dave_1balloon.png,A16_1.mp3,A16_2.mp3,A16_3.mp3,A16_4.mp3,A16_S5.mp3,A16_S6.mp3,some_bunnies.mp3,16,A,1
Anna.png,Ben.png,Cindy.png,Dave.png,Anna_3bunnies.png,Ben_3bunnies.png,Cindy.png,Dave.png,Anna_3bunnies.png,Ben_3bunnies.png,Cindy_3balloons.png,Dave_3balloons.png,Anna_3bunnies.png,Ben.png,Cindy_3balloons.png,Dave_3balloons.png,Anna_1bunny.png,Ben.png,Cindy_3balloons.png,Dave_3balloons.png,Anna_1bunny.png,Ben.png,Cindy.png,Dave_3balloons.png,Anna_1bunny.png,Ben.png,Cindy.png,Dave_1balloon.png,A16_1.mp3,A16_2.mp3,A16_3.mp3,A16_4.mp3,A16_S5.mp3,A16_S6.mp3,two_bunnies.mp3,16,A,2
Anna.png,Ben.png,Cindy.png,Dave.png,Anna_3bunnies.png,Ben_3bunnies.png,Cindy.png,Dave.png,Anna_3bunnies.png,Ben_3bunnies.png,Cindy_3balloons.png,Dave_3balloons.png,Anna.png,Ben_3bunnies.png,Cindy_3balloons.png,Dave_3balloons.png,Anna.png,Ben_1bunny.png,Cindy_3balloons.png,Dave_3balloons.png,Anna.png,Ben_1bunny.png,Cindy_3balloons.png,Dave.png,Anna.png,Ben_1bunny.png,Cindy_1balloon.png,Dave.png,B16_1.mp3,B16_2.mp3,B16_3.mp3,B16_4.mp3,B16_S5.mp3,B16_S6.mp3,all_bunnies.mp3,16,B,1
Anna.png,Ben.png,Cindy.png,Dave.png,Anna_3bunnies.png,Ben_3bunnies.png,Cindy.png,Dave.png,Anna_3bunnies.png,Ben_3bunnies.png,Cindy_3balloons.png,Dave_3balloons.png,Anna.png,Ben_3bunnies.png,Cindy_3balloons.png,Dave_3balloons.png,Anna.png,Ben_1bunny.png,Cindy_3balloons.png,Dave_3balloons.png,Anna.png,Ben_1bunny.png,Cindy_3balloons.png,Dave.png,Anna.png,Ben_1bunny.png,Cindy_1balloon.png,Dave.png,B16_1.mp3,B16_2.mp3,B16_3.mp3,B16_4.mp3,B16_S5.mp3,B16_S6.mp3,three_bunnies.mp3,16,B,2
Anna.png,Ben.png,Cindy.png,Dave.png,Anna_3marbles.png,Ben_3marbles.png,Cindy.png,Dave.png,Anna_3marbles.png,Ben_3marbles.png,Cindy_3marshmallows.png,Dave_3marshmallows.png,Anna_3marbles.png,Ben.png,Cindy_3marshmallows.png,Dave_3marshmallows.png,Anna_1marble.png,Ben.png,Cindy_3marshmallows.png,Dave_3marshmallows.png,Anna_1marble.png,Ben.png,Cindy.png,Dave_3marshmallows.png,Anna_1marble.png,Ben.png,Cindy.png,Dave_1marshmallow.png,A17_1.mp3,A17_2.mp3,A17_3.mp3,A17_4.mp3,A17_S5.mp3,A17_S6.mp3,three_marbles.mp3,17,A,1
Anna.png,Ben.png,Cindy.png,Dave.png,Anna_3marbles.png,Ben_3marbles.png,Cindy.png,Dave.png,Anna_3marbles.png,Ben_3marbles.png,Cindy_3marshmallows.png,Dave_3marshmallows.png,Anna_3marbles.png,Ben.png,Cindy_3marshmallows.png,Dave_3marshmallows.png,Anna_1marble.png,Ben.png,Cindy_3marshmallows.png,Dave_3marshmallows.png,Anna_1marble.png,Ben.png,Cindy.png,Dave_3marshmallows.png,Anna_1marble.png,Ben.png,Cindy.png,Dave_1marshmallow.png,A17_1.mp3,A17_2.mp3,A17_3.mp3,A17_4.mp3,A17_S5.mp3,A17_S6.mp3,all_marbles.mp3,17,A,2
Anna.png,Ben.png,Cindy.png,Dave.png,Anna_3marbles.png,Ben_3marbles.png,Cindy.png,Dave.png,Anna_3marbles.png,Ben_3marbles.png,Cindy_3marshmallows.png,Dave_3marshmallows.png,Anna.png,Ben_3marbles.png,Cindy_3marshmallows.png,Dave_3marshmallows.png,Anna.png,Ben_1marble.png,Cindy_3marshmallows.png,Dave_3marshmallows.png,Anna.png,Ben_1marble.png,Cindy_3marshmallows.png,Dave.png,Anna.png,Ben_1marble.png,Cindy_1marshmallow.png,Dave.png,B17_1.mp3,B17_2.mp3,B17_3.mp3,B17_4.mp3,B17_S5.mp3,B17_S6.mp3,two_marbles.mp3,17,B,1
Anna.png,Ben.png,Cindy.png,Dave.png,Anna_3marbles.png,Ben_3marbles.png,Cindy.png,Dave.png,Anna_3marbles.png,Ben_3marbles.png,Cindy_3marshmallows.png,Dave_3marshmallows.png,Anna.png,Ben_3marbles.png,Cindy_3marshmallows.png,Dave_3marshmallows.png,Anna.png,Ben_1marble.png,Cindy_3marshmallows.png,Dave_3marshmallows.png,Anna.png,Ben_1marble.png,Cindy_3marshmallows.png,Dave.png,Anna.png,Ben_1marble.png,Cindy_1marshmallow.png,Dave.png,B17_1.mp3,B17_2.mp3,B17_3.mp3,B17_4.mp3,B17_S5.mp3,B17_S6.mp3,some_marbles.mp3,17,B,2
Anna.png,Ben.png,Cindy.png,Dave.png,Anna_3snails.png,Ben_3snails.png,Cindy.png,Dave.png,Anna_3snails.png,Ben_3snails.png,Cindy_3snakes.png,Dave_3snakes.png,Anna.png,Ben_3snails.png,Cindy_3snakes.png,Dave_3snakes.png,Anna.png,Ben_1snail.png,Cindy_3snakes.png,Dave_3snakes.png,Anna.png,Ben_1snail.png,Cindy_3snakes.png,Dave.png,Anna.png,Ben_1snail.png,Cindy_1snake.png,Dave.png,A18_1.mp3,A18_2.mp3,A18_3.mp3,A18_4.mp3,A18_S5.mp3,A18_S6.mp3,all_snails.mp3,18,A,1
Anna.png,Ben.png,Cindy.png,Dave.png,Anna_3snails.png,Ben_3snails.png,Cindy.png,Dave.png,Anna_3snails.png,Ben_3snails.png,Cindy_3snakes.png,Dave_3snakes.png,Anna.png,Ben_3snails.png,Cindy_3snakes.png,Dave_3snakes.png,Anna.png,Ben_1snail.png,Cindy_3snakes.png,Dave_3snakes.png,Anna.png,Ben_1snail.png,Cindy_3snakes.png,Dave.png,Anna.png,Ben_1snail.png,Cindy_1snake.png,Dave.png,A18_1.mp3,A18_2.mp3,A18_3.mp3,A18_4.mp3,A18_S5.mp3,A18_S6.mp3,three_snails.mp3,18,A,2
Anna.png,Ben.png,Cindy.png,Dave.png,Anna_3snails.png,Ben_3snails.png,Cindy.png,Dave.png,Anna_3snails.png,Ben_3snails.png,Cindy_3snakes.png,Dave_3snakes.png,Anna_3snails.png,Ben.png,Cindy_3snakes.png,Dave_3snakes.png,Anna_1snail.png,Ben.png,Cindy_3snakes.png,Dave_3snakes.png,Anna_1snail.png,Ben.png,Cindy.png,Dave_3snakes.png,Anna_1snail.png,Ben.png,Cindy.png,Dave_1snake.png,B18_1.mp3,B18_2.mp3,B18_3.mp3,B18_4.mp3,B18_S5.mp3,B18_S6.mp3,some_snails.mp3,18,B,1
Anna.png,Ben.png,Cindy.png,Dave.png,Anna_3snails.png,Ben_3snails.png,Cindy.png,Dave.png,Anna_3snails.png,Ben_3snails.png,Cindy_3snakes.png,Dave_3snakes.png,Anna_3snails.png,Ben.png,Cindy_3snakes.png,Dave_3snakes.png,Anna_1snail.png,Ben.png,Cindy_3snakes.png,Dave_3snakes.png,Anna_1snail.png,Ben.png,Cindy.png,Dave_3snakes.png,Anna_1snail.png,Ben.png,Cindy.png,Dave_1snake.png,B18_1.mp3,B18_2.mp3,B18_3.mp3,B18_4.mp3,B18_S5.mp3,B18_S6.mp3,two_snails.mp3,18,B,2
Anna.png,Ben.png,Cindy.png,Dave.png,Anna_3cheesecakes.png,Ben_3cheesecakes.png,Cindy.png,Dave.png,Anna_3cheesecakes.png,Ben_3cheesecakes.png,Cindy_3cheeseburgers.png,Dave_3cheeseburgers.png,Anna.png,Ben_3cheesecakes.png,Cindy_3cheeseburgers.png,Dave_3cheeseburgers.png,Anna.png,Ben_1cheesecake.png,Cindy_3cheeseburgers.png,Dave_3cheeseburgers.png,Anna.png,Ben_1cheesecake.png,Cindy_3cheeseburgers.png,Dave.png,Anna.png,Ben_1cheesecake.png,Cindy_1cheeseburger.png,Dave.png,A19_1.mp3,A19_2.mp3,A19_3.mp3,A19_4.mp3,A19_S5.mp3,A19_S6.mp3,two_cheeseburgers.mp3,19,A,1
Anna.png,Ben.png,Cindy.png,Dave.png,Anna_3cheesecakes.png,Ben_3cheesecakes.png,Cindy.png,Dave.png,Anna_3cheesecakes.png,Ben_3cheesecakes.png,Cindy_3cheeseburgers.png,Dave_3cheeseburgers.png,Anna.png,Ben_3cheesecakes.png,Cindy_3cheeseburgers.png,Dave_3cheeseburgers.png,Anna.png,Ben_1cheesecake.png,Cindy_3cheeseburgers.png,Dave_3cheeseburgers.png,Anna.png,Ben_1cheesecake.png,Cindy_3cheeseburgers.png,Dave.png,Anna.png,Ben_1cheesecake.png,Cindy_1cheeseburger.png,Dave.png,A19_1.mp3,A19_2.mp3,A19_3.mp3,A19_4.mp3,A19_S5.mp3,A19_S6.mp3,some_cheeseburgers.mp3,19,A,2
Anna.png,Ben.png,Cindy.png,Dave.png,Anna_3cheesecakes.png,Ben_3cheesecakes.png,Cindy.png,Dave.png,Anna_3cheesecakes.png,Ben_3cheesecakes.png,Cindy_3cheeseburgers.png,Dave_3cheeseburgers.png,Anna_3cheesecakes.png,Ben.png,Cindy_3cheeseburgers.png,Dave_3cheeseburgers.png,Anna_1cheesecake.png,Ben.png,Cindy_3cheeseburgers.png,Dave_3cheeseburgers.png,Anna_1cheesecake.png,Ben.png,Cindy.png,Dave_3cheeseburgers.png,Anna_1cheesecake.png,Ben.png,Cindy.png,Dave_1cheeseburger.png,B19_1.mp3,B19_2.mp3,B19_3.mp3,B19_4.mp3,B19_S5.mp3,B19_S6.mp3,three_cheeseburgers.mp3,19,B,1
Anna.png,Ben.png,Cindy.png,Dave.png,Anna_3cheesecakes.png,Ben_3cheesecakes.png,Cindy.png,Dave.png,Anna_3cheesecakes.png,Ben_3cheesecakes.png,Cindy_3cheeseburgers.png,Dave_3cheeseburgers.png,Anna_3cheesecakes.png,Ben.png,Cindy_3cheeseburgers.png,Dave_3cheeseburgers.png,Anna_1cheesecake.png,Ben.png,Cindy_3cheeseburgers.png,Dave_3cheeseburgers.png,Anna_1cheesecake.png,Ben.png,Cindy.png,Dave_3cheeseburgers.png,Anna_1cheesecake.png,Ben.png,Cindy.png,Dave_1cheeseburger.png,B19_1.mp3,B19_2.mp3,B19_3.mp3,B19_4.mp3,B19_S5.mp3,B19_S6.mp3,all_cheeseburgers.mp3,19,B,2
Anna.png,Ben.png,Cindy.png,Dave.png,Anna_3woodpeckers.png,Ben_3woodpeckers.png,Cindy.png,Dave.png,Anna_3woodpeckers.png,Ben_3woodpeckers.png,Cindy_3wolves.png,Dave_3wolves.png,Anna_3woodpeckers.png,Ben.png,Cindy_3wolves.png,Dave_3wolves.png,Anna_1woodpecker.png,Ben.png,Cindy_3wolves.png,Dave_3wolves.png,Anna_1woodpecker.png,Ben.png,Cindy.png,Dave_3wolves.png,Anna_1woodpecker.png,Ben.png,Cindy.png,Dave_1wolf.png,A20_1.mp3,A20_2.mp3,A20_3.mp3,A20_4.mp3,A20_S5.mp3,A20_S6.mp3,all_wolves.mp3,20,A,1
Anna.png,Ben.png,Cindy.png,Dave.png,Anna_3woodpeckers.png,Ben_3woodpeckers.png,Cindy.png,Dave.png,Anna_3woodpeckers.png,Ben_3woodpeckers.png,Cindy_3wolves.png,Dave_3wolves.png,Anna_3woodpeckers.png,Ben.png,Cindy_3wolves.png,Dave_3wolves.png,Anna_1woodpecker.png,Ben.png,Cindy_3wolves.png,Dave_3wolves.png,Anna_1woodpecker.png,Ben.png,Cindy.png,Dave_3wolves.png,Anna_1woodpecker.png,Ben.png,Cindy.png,Dave_1wolf.png,A20_1.mp3,A20_2.mp3,A20_3.mp3,A20_4.mp3,A20_S5.mp3,A20_S6.mp3,three_wolves.mp3,20,A,2
Anna.png,Ben.png,Cindy.png,Dave.png,Anna_3woodpeckers.png,Ben_3woodpeckers.png,Cindy.png,Dave.png,Anna_3woodpeckers.png,Ben_3woodpeckers.png,Cindy_3wolves.png,Dave_3wolves.png,Anna.png,Ben_3woodpeckers.png,Cindy_3wolves.png,Dave_3wolves.png,Anna.png,Ben_1woodpecker.png,Cindy_3wolves.png,Dave_3wolves.png,Anna.png,Ben_1woodpecker.png,Cindy_3wolves.png,Dave.png,Anna.png,Ben_1woodpecker.png,Cindy_1wolf.png,Dave.png,B20_1.mp3,B20_2.mp3,B20_3.mp3,B20_4.mp3,B20_S5.mp3,B20_S6.mp3,some_wolves.mp3,20,B,1
Anna.png,Ben.png,Cindy.png,Dave.png,Anna_3woodpeckers.png,Ben_3woodpeckers.png,Cindy.png,Dave.png,Anna_3woodpeckers.png,Ben_3woodpeckers.png,Cindy_3wolves.png,Dave_3wolves.png,Anna.png,Ben_3woodpeckers.png,Cindy_3wolves.png,Dave_3wolves.png,Anna.png,Ben_1woodpecker.png,Cindy_3wolves.png,Dave_3wolves.png,Anna.png,Ben_1woodpecker.png,Cindy_3wolves.png,Dave.png,Anna.png,Ben_1woodpecker.png,Cindy_1wolf.png,Dave.png,B20_1.mp3,B20_2.mp3,B20_3.mp3,B20_4.mp3,B20_S5.mp3,B20_S6.mp3,two_wolves.mp3,20,B,2
Anna.png,Ben.png,Cindy.png,Dave.png,Anna_3caramels.png,Ben_3caramels.png,Cindy.png,Dave.png,Anna_3caramels.png,Ben_3caramels.png,Cindy_3carrots.png,Dave_3carrots.png,Anna.png,Ben_3caramels.png,Cindy_3carrots.png,Dave_3carrots.png,Anna.png,Ben_1caramel.png,Cindy_3carrots.png,Dave_3carrots.png,Anna.png,Ben_1caramel.png,Cindy_3carrots.png,Dave.png,Anna.png,Ben_1caramel.png,Cindy_1carrot.png,Dave.png,A21_1.mp3,A21_2.mp3,A21_3.mp3,A21_4.mp3,A21_S5.mp3,A21_S6.mp3,all_carrots.mp3,21,A,1
Anna.png,Ben.png,Cindy.png,Dave.png,Anna_3caramels.png,Ben_3caramels.png,Cindy.png,Dave.png,Anna_3caramels.png,Ben_3caramels.png,Cindy_3carrots.png,Dave_3carrots.png,Anna.png,Ben_3caramels.png,Cindy_3carrots.png,Dave_3carrots.png,Anna.png,Ben_1caramel.png,Cindy_3carrots.png,Dave_3carrots.png,Anna.png,Ben_1caramel.png,Cindy_3carrots.png,Dave.png,Anna.png,Ben_1caramel.png,Cindy_1carrot.png,Dave.png,A21_1.mp3,A21_2.mp3,A21_3.mp3,A21_4.mp3,A21_S5.mp3,A21_S6.mp3,three_carrots.mp3,21,A,2
Anna.png,Ben.png,Cindy.png,Dave.png,Anna_3caramels.png,Ben_3caramels.png,Cindy.png,Dave.png,Anna_3caramels.png,Ben_3caramels.png,Cindy_3carrots.png,Dave_3carrots.png,Anna_3caramels.png,Ben.png,Cindy_3carrots.png,Dave_3carrots.png,Anna_1caramel.png,Ben.png,Cindy_3carrots.png,Dave_3carrots.png,Anna_1caramel.png,Ben.png,Cindy.png,Dave_3carrots.png,Anna_1caramel.png,Ben.png,Cindy.png,Dave_1carrot.png,B21_1.mp3,B21_2.mp3,B21_3.mp3,B21_4.mp3,B21_S5.mp3,B21_S6.mp3,some_carrots.mp3,21,B,1
Anna.png,Ben.png,Cindy.png,Dave.png,Anna_3caramels.png,Ben_3caramels.png,Cindy.png,Dave.png,Anna_3caramels.png,Ben_3caramels.png,Cindy_3carrots.png,Dave_3carrots.png,Anna_3caramels.png,Ben.png,Cindy_3carrots.png,Dave_3carrots.png,Anna_1caramel.png,Ben.png,Cindy_3carrots.png,Dave_3carrots.png,Anna_1caramel.png,Ben.png,Cindy.png,Dave_3carrots.png,Anna_1caramel.png,Ben.png,Cindy.png,Dave_1carrot.png,B21_1.mp3,B21_2.mp3,B21_3.mp3,B21_4.mp3,B21_S5.mp3,B21_S6.mp3,two_carrots.mp3,21,B,2
Anna.png,Ben.png,Cindy.png,Dave.png,Anna_3pineapples.png,Ben_3pineapples.png,Cindy.png,Dave.png,Anna_3pineapples.png,Ben_3pineapples.png,Cindy_3pies.png,Dave_3pies.png,Anna.png,Ben_3pineapples.png,Cindy_3pies.png,Dave_3pies.png,Anna.png,Ben_1pineapple.png,Cindy_3pies.png,Dave_3pies.png,Anna.png,Ben_1pineapple.png,Cindy_3pies.png,Dave.png,Anna.png,Ben_1pineapple.png,Cindy_1pie.png,Dave.png,A22_1.mp3,A22_2.mp3,A22_3.mp3,A22_4.mp3,A22_S5.mp3,A22_S6.mp3,three_pineapples.mp3,22,A,1
Anna.png,Ben.png,Cindy.png,Dave.png,Anna_3pineapples.png,Ben_3pineapples.png,Cindy.png,Dave.png,Anna_3pineapples.png,Ben_3pineapples.png,Cindy_3pies.png,Dave_3pies.png,Anna.png,Ben_3pineapples.png,Cindy_3pies.png,Dave_3pies.png,Anna.png,Ben_1pineapple.png,Cindy_3pies.png,Dave_3pies.png,Anna.png,Ben_1pineapple.png,Cindy_3pies.png,Dave.png,Anna.png,Ben_1pineapple.png,Cindy_1pie.png,Dave.png,A22_1.mp3,A22_2.mp3,A22_3.mp3,A22_4.mp3,A22_S5.mp3,A22_S6.mp3,all_pineapples.mp3,22,A,2
Anna.png,Ben.png,Cindy.png,Dave.png,Anna_3pineapples.png,Ben_3pineapples.png,Cindy.png,Dave.png,Anna_3pineapples.png,Ben_3pineapples.png,Cindy_3pies.png,Dave_3pies.png,Anna_3pineapples.png,Ben.png,Cindy_3pies.png,Dave_3pies.png,Anna_1pineapple.png,Ben.png,Cindy_3pies.png,Dave_3pies.png,Anna_1pineapple.png,Ben.png,Cindy.png,Dave_3pies.png,Anna_1pineapple.png,Ben.png,Cindy.png,Dave_1pie.png,B22_1.mp3,B22_2.mp3,B22_3.mp3,B22_4.mp3,B22_S5.mp3,B22_S6.mp3,two_pineapples.mp3,22,B,1
Anna.png,Ben.png,Cindy.png,Dave.png,Anna_3pineapples.png,Ben_3pineapples.png,Cindy.png,Dave.png,Anna_3pineapples.png,Ben_3pineapples.png,Cindy_3pies.png,Dave_3pies.png,Anna_3pineapples.png,Ben.png,Cindy_3pies.png,Dave_3pies.png,Anna_1pineapple.png,Ben.png,Cindy_3pies.png,Dave_3pies.png,Anna_1pineapple.png,Ben.png,Cindy.png,Dave_3pies.png,Anna_1pineapple.png,Ben.png,Cindy.png,Dave_1pie.png,B22_1.mp3,B22_2.mp3,B22_3.mp3,B22_4.mp3,B22_S5.mp3,B22_S6.mp3,some_pineapples.mp3,22,B,2
Anna.png,Ben.png,Cindy.png,Dave.png,Anna_3cactuses.png,Ben_3cactuses.png,Cindy.png,Dave.png,Anna_3cactuses.png,Ben_3cactuses.png,Cindy_3camels.png,Dave_3camels.png,Anna_3cactuses.png,Ben.png,Cindy_3camels.png,Dave_3camels.png,Anna_1cactus.png,Ben.png,Cindy_3camels.png,Dave_3camels.png,Anna_1cactus.png,Ben.png,Cindy.png,Dave_3camels.png,Anna_1cactus.png,Ben.png,Cindy.png,Dave_1camel.png,A23_1.mp3,A23_2.mp3,A23_3.mp3,A23_4.mp3,A23_S5.mp3,A23_S6.mp3,some_cactuses.mp3,23,A,1
Anna.png,Ben.png,Cindy.png,Dave.png,Anna_3cactuses.png,Ben_3cactuses.png,Cindy.png,Dave.png,Anna_3cactuses.png,Ben_3cactuses.png,Cindy_3camels.png,Dave_3camels.png,Anna_3cactuses.png,Ben.png,Cindy_3camels.png,Dave_3camels.png,Anna_1cactus.png,Ben.png,Cindy_3camels.png,Dave_3camels.png,Anna_1cactus.png,Ben.png,Cindy.png,Dave_3camels.png,Anna_1cactus.png,Ben.png,Cindy.png,Dave_1camel.png,A23_1.mp3,A23_2.mp3,A23_3.mp3,A23_4.mp3,A23_S5.mp3,A23_S6.mp3,two_cactuses.mp3,23,A,2
Anna.png,Ben.png,Cindy.png,Dave.png,Anna_3cactuses.png,Ben_3cactuses.png,Cindy.png,Dave.png,Anna_3cactuses.png,Ben_3cactuses.png,Cindy_3camels.png,Dave_3camels.png,Anna.png,Ben_3cactuses.png,Cindy_3camels.png,Dave_3camels.png,Anna.png,Ben_1cactus.png,Cindy_3camels.png,Dave_3camels.png,Anna.png,Ben_1cactus.png,Cindy_3camels.png,Dave.png,Anna.png,Ben_1cactus.png,Cindy_1camel.png,Dave.png,B23_1.mp3,B23_2.mp3,B23_3.mp3,B23_4.mp3,B23_S5.mp3,B23_S6.mp3,all_cactuses.mp3,23,B,1
Anna.png,Ben.png,Cindy.png,Dave.png,Anna_3cactuses.png,Ben_3cactuses.png,Cindy.png,Dave.png,Anna_3cactuses.png,Ben_3cactuses.png,Cindy_3camels.png,Dave_3camels.png,Anna.png,Ben_3cactuses.png,Cindy_3camels.png,Dave_3camels.png,Anna.png,Ben_1cactus.png,Cindy_3camels.png,Dave_3camels.png,Anna.png,Ben_1cactus.png,Cindy_3camels.png,Dave.png,Anna.png,Ben_1cactus.png,Cindy_1camel.png,Dave.png,B23_1.mp3,B23_2.mp3,B23_3.mp3,B23_4.mp3,B23_S5.mp3,B23_S6.mp3,three_cactuses.mp3,23,B,2
Anna.png,Ben.png,Cindy.png,Dave.png,Anna_3puppets.png,Ben_3puppets.png,Cindy.png,Dave.png,Anna_3puppets.png,Ben_3puppets.png,Cindy_3puppies.png,Dave_3puppies.png,Anna_3puppets.png,Ben.png,Cindy_3puppies.png,Dave_3puppies.png,Anna_1puppet.png,Ben.png,Cindy_3puppies.png,Dave_3puppies.png,Anna_1puppet.png,Ben.png,Cindy.png,Dave_3puppies.png,Anna_1puppet.png,Ben.png,Cindy.png,Dave_1puppy.png,A24_1.mp3,A24_2.mp3,A24_3.mp3,A24_4.mp3,A24_S5.mp3,A24_S6.mp3,two_puppies.mp3,24,A,1
Anna.png,Ben.png,Cindy.png,Dave.png,Anna_3puppets.png,Ben_3puppets.png,Cindy.png,Dave.png,Anna_3puppets.png,Ben_3puppets.png,Cindy_3puppies.png,Dave_3puppies.png,Anna_3puppets.png,Ben.png,Cindy_3puppies.png,Dave_3puppies.png,Anna_1puppet.png,Ben.png,Cindy_3puppies.png,Dave_3puppies.png,Anna_1puppet.png,Ben.png,Cindy.png,Dave_3puppies.png,Anna_1puppet.png,Ben.png,Cindy.png,Dave_1puppy.png,A24_1.mp3,A24_2.mp3,A24_3.mp3,A24_4.mp3,A24_S5.mp3,A24_S6.mp3,some_puppies.mp3,24,A,2
Anna.png,Ben.png,Cindy.png,Dave.png,Anna_3puppets.png,Ben_3puppets.png,Cindy.png,Dave.png,Anna_3puppets.png,Ben_3puppets.png,Cindy_3puppies.png,Dave_3puppies.png,Anna.png,Ben_3puppets.png,Cindy_3puppies.png,Dave_3puppies.png,Anna.png,Ben_1puppet.png,Cindy_3puppies.png,Dave_3puppies.png,Anna.png,Ben_1puppet.png,Cindy_3puppies.png,Dave.png,Anna.png,Ben_1puppet.png,Cindy_1puppy.png,Dave.png,B24_1.mp3,B24_2.mp3,B24_3.mp3,B24_4.mp3,B24_S5.mp3,B24_S6.mp3,three_puppies.mp3,24,B,1
Anna.png,Ben.png,Cindy.png,Dave.png,Anna_3puppets.png,Ben_3puppets.png,Cindy.png,Dave.png,Anna_3puppets.png,Ben_3puppets.png,Cindy_3puppies.png,Dave_3puppies.png,Anna.png,Ben_3puppets.png,Cindy_3puppies.png,Dave_3puppies.png,Anna.png,Ben_1puppet.png,Cindy_3puppies.png,Dave_3puppies.png,Anna.png,Ben_1puppet.png,Cindy_3puppies.png,Dave.png,Anna.png,Ben_1puppet.png,Cindy_1puppy.png,Dave.png,B24_1.mp3,B24_2.mp3,B24_3.mp3,B24_4.mp3,B24_S5.mp3,B24_S6.mp3,all_puppies.mp3,24,B,2
